team,games_won,total_games,win_percent
India,81,158,51.26582278481012
South Africa,94,133,70.67669172932331
Pakistan,70,130,53.84615384615385
Australia,85,128,66.40625
New Zealand,55,120,45.83333333333333
Sri Lanka,74,118,62.71186440677966
Zimbabwe,32,116,27.586206896551722
West Indies,53,106,50.0
England,52,104,50.0
Bangladesh,3,48,6.25
Kenya,4,32,12.5
Canada,0,4,0.0
Netherlands,0,4,0.0
Scotland,0,3,0.0
United Arab Emirates,0,3,0.0
United States of America,0,1,0.0
