team,total_games,games_won,home_win_margin,away_win_margin
India,158,81,47,46
South Africa,133,94,46,43
Pakistan,130,70,41,42
Australia,128,85,63,73
New Zealand,120,55,54,46
Sri Lanka,118,74,61,63
Zimbabwe,116,32,63,18
West Indies,106,53,20,47
England,104,52,71,46
Bangladesh,48,3,102,8
Kenya,32,4,174,63
Canada,4,0,0,0
Netherlands,4,0,0,0
Scotland,3,0,0,0
United Arab Emirates,3,0,0,0
United States of America,1,0,0,0
